id,floor_sqft,floor_source,checked_date
93663021,846.0,stated,2026-10-01
93587997,646.0,stated,2026-10-01
93340368,401.0,roomSum,2026-10-01
91885035,538.0,stated,2026-10-01
92975916,,,2026-10-01
90947091,396.0,roomSum,2026-10-01
90399348,599.0,stated,2026-10-01
173002025,616.0,roomSum,2026-10-01
173834648,536.0,stated,2026-10-01
87730590,670.0,stated,2026-10-01
87730560,576.0,stated,2026-10-01
93557208,1028.0,roomSum,2026-10-01
93283173,1475.0,stated,2026-10-01
91085277,1382.0,stated,2026-10-01
90866553,1122.0,stated,2026-10-01
91541349,550.0,roomSum,2026-10-01
167929376,2492.0,stated,2026-10-01
88944687,2683.0,stated,2026-10-01
88486854,2917.0,stated,2026-10-01
93816309,985.0,stated,2026-10-01
93904524,746.0,stated,2026-10-05
94085064,,,2026-10-08
94128747,864.0,stated,2026-10-09
94137240,817.0,stated,2026-10-10
