snapshot_date,id,score,price,display_address,outcode,property_url
2026-09-27,167929376,15,750000,"Trafalgar Lane, Leith, Edinburgh, EH6",EH6,https://www.rightmove.co.uk/properties/167929376#/?channel=RES_BUY
2026-09-27,92975916,10,295000,"Carpet Lane, Leith, Edinburgh",,https://www.rightmove.co.uk/properties/92975916#/?channel=RES_BUY
2026-09-27,173834648,8,170000,"22 Duke Street, Leith Links, Edinburgh, EH6 8HQ",EH6,https://www.rightmove.co.uk/properties/173834648#/?channel=RES_BUY
2026-09-27,87730590,8,170000,"16 Duke Street, Leith Links, Edinburgh, EH6 8HQ",EH6,https://www.rightmove.co.uk/properties/87730590#/?channel=RES_BUY
2026-09-27,87730560,8,170000,"20 Duke Street, Leith Links, Edinburgh, EH6 8HQ",EH6,https://www.rightmove.co.uk/properties/87730560#/?channel=RES_BUY
2026-09-27,93340368,6,175000,"1/40 Maritime Court, Chapel Lane, The Shore, Edinburgh, EH6 6ST",EH6,https://www.rightmove.co.uk/properties/93340368#/?channel=RES_BUY
2026-09-27,90399348,6,200000,"Commercial Street, Edinburgh, Midlothian, EH6",EH6,https://www.rightmove.co.uk/properties/90399348#/?channel=RES_BUY
2026-09-27,90947091,5,195000,"Mill Lane, Leith, Edinburgh, EH6",EH6,https://www.rightmove.co.uk/properties/90947091#/?channel=RES_BUY
2026-09-27,93587997,4,250000,"Flat 16, 61, Park Avenue, Portobello, EH15 1JP",EH15,https://www.rightmove.co.uk/properties/93587997#/?channel=RES_BUY
2026-09-27,173002025,4,315000,"21 King's Stables Lane, Grassmarket, Edinburgh, EH1 2LQ",EH1,https://www.rightmove.co.uk/properties/173002025#/?channel=RES_BUY
2026-09-27,91085277,4,625000,"26/2 Simpson Loan, Quartermile, Edinburgh, EH3",EH3,https://www.rightmove.co.uk/properties/91085277#/?channel=RES_BUY
2026-09-27,88944687,4,775000,"High Street, Old Town, Edinburgh",,https://www.rightmove.co.uk/properties/88944687#/?channel=RES_BUY
2026-09-27,91885035,3,180000,"Rodney Street, Cannonmills, Edinburgh, Edinburgh",,https://www.rightmove.co.uk/properties/91885035#/?channel=RES_BUY
2026-09-27,91541349,3,340000,"33/21 Water Street, The Shore, Edinburgh, EH6 6SZ",EH6,https://www.rightmove.co.uk/properties/91541349#/?channel=RES_BUY
2026-09-27,93557208,3,345000,"East Pilton Farm Avenue, Fettes, Edinburgh, EH5",EH5,https://www.rightmove.co.uk/properties/93557208#/?channel=RES_BUY
2026-09-27,90866553,3,495000,"Coates Gardens, West End, Edinburgh, EH12 5LF",EH12,https://www.rightmove.co.uk/properties/90866553#/?channel=RES_BUY
2026-09-27,93283173,3,650000,"North West Circus Place, New Town, Edinburgh, Midlothian, EH3",EH3,https://www.rightmove.co.uk/properties/93283173#/?channel=RES_BUY
2026-09-27,88486854,3,745000,"The Vennel Kirk, South Queensferry, EH30",EH30,https://www.rightmove.co.uk/properties/88486854#/?channel=RES_BUY
2026-09-28,167929376,15,750000,"Trafalgar Lane, Leith, Edinburgh, EH6",EH6,https://www.rightmove.co.uk/properties/167929376#/?channel=RES_BUY
2026-09-28,92975916,10,295000,"Carpet Lane, Leith, Edinburgh",,https://www.rightmove.co.uk/properties/92975916#/?channel=RES_BUY
2026-09-28,173834648,8,170000,"22 Duke Street, Leith Links, Edinburgh, EH6 8HQ",EH6,https://www.rightmove.co.uk/properties/173834648#/?channel=RES_BUY
2026-09-28,87730590,8,170000,"16 Duke Street, Leith Links, Edinburgh, EH6 8HQ",EH6,https://www.rightmove.co.uk/properties/87730590#/?channel=RES_BUY
2026-09-28,87730560,8,170000,"20 Duke Street, Leith Links, Edinburgh, EH6 8HQ",EH6,https://www.rightmove.co.uk/properties/87730560#/?channel=RES_BUY
2026-09-28,93340368,6,175000,"1/40 Maritime Court, Chapel Lane, The Shore, Edinburgh, EH6 6ST",EH6,https://www.rightmove.co.uk/properties/93340368#/?channel=RES_BUY
2026-09-28,90399348,6,200000,"Commercial Street, Edinburgh, Midlothian, EH6",EH6,https://www.rightmove.co.uk/properties/90399348#/?channel=RES_BUY
2026-09-28,90947091,5,195000,"Mill Lane, Leith, Edinburgh, EH6",EH6,https://www.rightmove.co.uk/properties/90947091#/?channel=RES_BUY
2026-09-28,93587997,4,250000,"Flat 16, 61, Park Avenue, Portobello, EH15 1JP",EH15,https://www.rightmove.co.uk/properties/93587997#/?channel=RES_BUY
2026-09-28,173002025,4,315000,"21 King's Stables Lane, Grassmarket, Edinburgh, EH1 2LQ",EH1,https://www.rightmove.co.uk/properties/173002025#/?channel=RES_BUY
2026-09-28,91085277,4,625000,"26/2 Simpson Loan, Quartermile, Edinburgh, EH3",EH3,https://www.rightmove.co.uk/properties/91085277#/?channel=RES_BUY
2026-09-28,88944687,4,775000,"High Street, Old Town, Edinburgh",,https://www.rightmove.co.uk/properties/88944687#/?channel=RES_BUY
2026-09-28,91885035,3,180000,"Rodney Street, Cannonmills, Edinburgh, Edinburgh",,https://www.rightmove.co.uk/properties/91885035#/?channel=RES_BUY
2026-09-28,91541349,3,340000,"33/21 Water Street, The Shore, Edinburgh, EH6 6SZ",EH6,https://www.rightmove.co.uk/properties/91541349#/?channel=RES_BUY
2026-09-28,93557208,3,345000,"East Pilton Farm Avenue, Fettes, Edinburgh, EH5",EH5,https://www.rightmove.co.uk/properties/93557208#/?channel=RES_BUY
2026-09-28,90866553,3,495000,"Coates Gardens, West End, Edinburgh, EH12 5LF",EH12,https://www.rightmove.co.uk/properties/90866553#/?channel=RES_BUY
2026-09-28,93283173,3,650000,"North West Circus Place, New Town, Edinburgh, Midlothian, EH3",EH3,https://www.rightmove.co.uk/properties/93283173#/?channel=RES_BUY
2026-09-28,88486854,3,745000,"The Vennel Kirk, South Queensferry, EH30",EH30,https://www.rightmove.co.uk/properties/88486854#/?channel=RES_BUY
