snapshot_date,n_listings,median_price,mean_price,p25_price,p75_price,median_price_per_sqft,median_days_on_market,pct_reduced,n_new_7d,n_new_30d,median_beds,n_development
2026-09-08,1867,320000.0,424814.4295661489,220000.0,484997.5,,31.0,21.37118371719336,353,911,2.0,216
2026-09-09,1844,324497.5,427178.7554229935,220000.0,488500.0,,32.0,21.800433839479393,319,895,2.0,217
2026-09-10,1856,320000.0,426395.8103448276,220000.0,485750.0,,31.0,21.82112068965517,349,923,2.0,218
2026-09-11,1861,324000.0,426651.592692101,220000.0,485000.0,,31.0,21.762493283181087,351,909,2.0,215
2026-09-12,1870,325000.0,428247.1197860963,220000.0,489500.0,,32.0,21.44385026737968,359,924,2.0,219
2026-09-13,1894,325000.0,426475.77296726505,220000.0,485000.0,,31.0,21.172122492080252,344,938,2.0,221
2026-09-14,1920,324497.5,424923.76197916665,220000.0,485000.0,,30.0,20.78125,365,963,2.0,221
2026-09-15,1909,325000.0,428678.4379256155,220000.0,490000.0,,31.0,21.00576217915139,362,942,2.0,226
2026-09-16,1892,325000.0,431060.8657505285,224250.0,495000.0,,32.0,21.08879492600423,353,930,2.0,223
2026-09-17,1868,325000.0,432178.4277301927,224250.0,495000.0,,32.0,21.5203426124197,334,921,2.0,226
2026-09-18,1879,325000.0,429584.51729643426,225000.0,490997.5,,30.0,21.55401809473124,367,941,2.0,227
2026-09-19,1891,325000.0,425126.78053939715,225000.0,485000.0,,29.0,21.417239555790587,362,964,2.0,228
2026-09-20,1914,325000.0,423317.00208986417,220000.0,480000.0,,30.0,21.15987460815047,328,978,2.0,229
2026-09-21,1944,325000.0,422628.7309670782,220000.0,480000.0,,30.0,20.93621399176955,356,988,2.0,226
2026-09-22,1936,324497.5,420229.4876033058,220000.0,479250.0,,30.5,21.17768595041322,373,968,2.0,228
2026-09-23,1911,325000.0,420991.26268969127,220000.0,479500.0,,31.0,21.454735740450026,346,943,2.0,226
2026-09-24,1898,325000.0,421978.55479452055,220000.0,480000.0,,31.0,22.128556375131716,361,941,2.0,227
2026-09-25,1888,325000.0,424371.4523305085,225000.0,485000.0,,31.0,22.404661016949152,385,933,2.0,226
2026-09-26,1900,325000.0,423332.26684210525,220000.0,485000.0,,31.0,22.42105263157895,376,935,2.0,226
2026-09-27,1942,325000.0,420586.6616889804,220000.0,475746.25,,31.0,21.936148300720905,352,964,2.0,226
2026-09-28,1970,325000.0,419255.46040609136,220000.0,475000.0,,30.0,21.82741116751269,383,987,2.0,225
2026-09-29,1953,325000.0,421770.22375832056,220000.0,480000.0,,31.0,22.01740911418331,369,964,2.0,228
2026-09-30,1919,325000.0,423345.1339239187,221000.0,480000.0,,32.0,22.303282959874934,333,941,2.0,224
2026-10-01,1908,325000.0,424142.69811320753,225000.0,485000.0,,31.0,22.746331236897273,378,953,2.0,224
2026-10-02,1923,325000.0,425065.66458658344,225000.0,487497.5,,31.0,22.620904836193446,382,949,2.0,224
2026-10-03,1920,325000.0,422903.790625,225000.0,489996.25,,30.0,22.604166666666668,346,961,2.0,223
2026-10-04,1945,325000.0,420974.4359897172,222000.0,485000.0,,30.0,22.262210796915166,328,973,2.0,222
2026-10-05,1971,325000.0,422038.4464738711,224999.5,480000.0,,30.0,22.07001522070015,355,988,2.0,219
2026-10-06,1976,325000.0,422437.63562753034,225000.0,480000.0,,31.0,22.36842105263158,364,984,2.0,221
2026-10-07,1935,325000.0,424671.1695090439,225000.0,480000.0,,30.0,23.25581395348837,335,973,2.0,218
2026-10-08,1909,325000.0,425734.5269774751,225000.0,479000.0,,30.0,23.782084861183865,334,963,2.0,217
2026-10-09,1915,324000.0,422549.72950391646,220000.0,475000.0,,30.0,23.550913838120106,345,969,2.0,214
