month,averagePrice,averagePriceDetached,averagePriceSemiDetached,averagePriceTerraced,averagePriceFlatMaisonette,averagePriceFirstTimeBuyer,averagePriceFormerOwnerOccupier,averagePriceNewBuild,averagePriceExistingProperty,averagePriceCash,averagePriceMortgage,housePriceIndex,percentageChange,percentageAnnualChange,salesVolume,date
2004-01,121643,284604,168251,134778,104824,,,149205.0,116585.0,,,45.0,,,1097.0,2004-01-01
2004-02,120782,275960,164833,133200,104676,,,148796.0,115712.0,,,44.7,-0.7,,811.0,2004-02-01
2004-03,123480,279632,167847,136011,107208,,,151785.0,118321.0,,,45.7,2.2,,1092.0,2004-03-01
2004-04,130269,285947,176283,143826,113479,,,158626.0,124941.0,,,48.2,5.5,,1402.0,2004-04-01
2004-05,138326,300046,187137,153191,120557,,,167473.0,132740.0,,,51.1,6.2,,1345.0,2004-05-01
2004-06,143978,308006,193829,159290,125788,,,174345.0,138162.0,,,53.2,4.1,,1526.0,2004-06-01
2004-07,145906,316119,196775,161935,127163,,,176228.0,140046.0,,,53.9,1.3,,1573.0,2004-07-01
2004-08,146217,320142,197367,162290,127272,,,175925.0,140396.0,,,54.1,0.2,,1338.0,2004-08-01
2004-09,144790,319987,196394,161180,125716,,,173455.0,139083.0,,,53.5,-1.0,,1286.0,2004-09-01
2004-10,141782,312971,191614,157068,123339,,,170998.0,136106.0,,,52.4,-2.1,,1317.0,2004-10-01
2004-11,138564,306265,187911,153980,120368,,,168061.0,132946.0,,,51.2,-2.3,,1247.0,2004-11-01
2004-12,139580,306838,188865,155317,121315,,,170583.0,133823.0,,,51.6,0.7,,1199.0,2004-12-01
2005-01,141298,311597,191146,157680,122676,,,174402.0,135342.0,,,52.2,1.2,16.2,940.0,2005-01-01
2005-02,141391,310949,191241,157454,122828,,,176441.0,135303.0,,,52.3,0.1,17.1,773.0,2005-02-01
2005-03,141511,308750,190710,157297,122849,,,178222.0,135319.0,,,52.3,0.1,14.6,897.0,2005-03-01
2005-04,142176,302727,189905,157530,123634,,,180812.0,135863.0,,,52.6,0.5,9.1,1312.0,2005-04-01
2005-05,146102,307037,192994,161344,127244,,,185973.0,139606.0,,,54.0,2.8,5.6,1369.0,2005-05-01
2005-06,147943,308545,194798,163263,128911,,,187765.0,141394.0,,,54.7,1.3,2.8,1419.0,2005-06-01
2005-07,148735,311624,196498,164523,129512,,,187847.0,142200.0,,,55.0,0.5,1.9,1558.0,2005-07-01
2005-08,150528,315930,199419,166954,130987,,,189906.0,143924.0,,,55.7,1.2,2.9,1307.0,2005-08-01
2005-09,150815,320203,200777,168028,131063,,,190664.0,144178.0,,,55.8,0.2,4.2,1424.0,2005-09-01
2005-10,150516,322476,200885,167956,130719,,,190810.0,143864.0,,,55.6,-0.2,6.2,1163.0,2005-10-01
2005-11,148896,317480,198282,166287,129328,,,189656.0,142269.0,,,55.0,-1.1,7.5,1287.0,2005-11-01
2005-12,149470,313273,196477,165559,130165,,,190606.0,142806.0,,,55.3,0.4,7.1,1312.0,2005-12-01
2006-01,151810,317104,199596,168443,132175,,,193438.0,145049.0,,,56.1,1.6,7.4,1073.0,2006-01-01
2006-02,154949,320252,202855,171575,134991,,,198093.0,147950.0,,,57.3,2.1,9.6,690.0,2006-02-01
2006-03,153908,317700,202735,171401,133883,,,197527.0,146877.0,,,56.9,-0.7,8.8,1271.0,2006-03-01
2006-04,155226,314222,202922,172239,135213,,,199670.0,148085.0,,,57.4,0.9,9.2,1228.0,2006-04-01
2006-05,157535,317057,205350,174279,137322,,,201975.0,150360.0,,,58.2,1.5,7.8,1457.0,2006-05-01
2006-06,163251,324942,211352,179871,142476,,,208321.0,155925.0,,,60.4,3.6,10.3,1992.0,2006-06-01
2006-07,165774,332143,215104,183110,144588,,,210117.0,158495.0,,,61.3,1.5,11.5,1551.0,2006-07-01
2006-08,167486,341393,219506,186650,145765,,,209999.0,160391.0,,,61.9,1.0,11.3,1592.0,2006-08-01
2006-09,167649,348588,221962,187924,145636,,,209379.0,160639.0,,,62.0,0.1,11.2,1741.0,2006-09-01
2006-10,170778,354196,225524,190922,148438,,,213101.0,163658.0,,,63.1,1.9,13.5,1365.0,2006-10-01
2006-11,171115,351826,225058,190716,148857,,,213660.0,163966.0,,,63.3,0.2,14.9,1461.0,2006-11-01
2006-12,173928,352563,226653,192793,151547,,,217286.0,166648.0,,,64.3,1.6,16.4,1532.0,2006-12-01
2007-01,171962,350222,224766,191217,149728,,,215173.0,164726.0,,,63.6,-1.1,13.3,1021.0,2007-01-01
2007-02,170601,345882,221741,188805,148699,,,214439.0,163307.0,,,63.1,-0.8,10.1,696.0,2007-02-01
2007-03,170537,346088,222155,189541,148518,,,213903.0,163327.0,,,63.0,0.0,10.8,1153.0,2007-03-01
2007-04,176618,353384,228807,196051,153928,,,220299.0,169345.0,,,65.3,3.6,13.8,1201.0,2007-04-01
2007-05,184730,367856,239229,205756,160928,,,230521.0,177107.0,,,68.3,4.6,17.3,1397.0,2007-05-01
2007-06,187470,371486,241847,208219,163419,,,233803.0,179755.0,,,69.3,1.5,14.8,1884.0,2007-06-01
2007-07,190450,379508,246235,212027,165918,,,238429.0,182468.0,,,70.4,1.6,14.9,1606.0,2007-07-01
2007-08,191207,386227,248683,213672,166398,,,237435.0,183502.0,,,70.7,0.4,14.2,1752.0,2007-08-01
2007-09,195921,399776,256279,219718,170343,,,242608.0,188136.0,,,72.4,2.5,16.9,1235.0,2007-09-01
2007-10,192875,397076,252166,215941,167708,,,238373.0,185284.0,,,71.3,-1.6,12.9,1246.0,2007-10-01
2007-11,193481,394714,251579,215572,168431,,,239723.0,185769.0,,,71.5,0.3,13.1,1414.0,2007-11-01
2007-12,192249,388471,248758,213411,167509,,,239207.0,184425.0,,,71.1,-0.6,10.5,1114.0,2007-12-01
2008-01,192209,388275,249528,213827,167404,,,239304.0,184363.0,,,71.1,0.0,11.8,858.0,2008-01-01
2008-02,190220,383262,246436,211731,165968,,,239692.0,181832.0,,,70.3,-1.0,11.5,754.0,2008-02-01
2008-03,187310,378768,243897,209523,163483,,,237082.0,178795.0,,,69.2,-1.5,9.8,813.0,2008-03-01
2008-04,189475,377396,245909,211554,165697,,,241666.0,180432.0,,,70.1,1.2,7.3,991.0,2008-04-01
2008-05,191565,378361,249341,214121,167544,,,242999.0,182729.0,,,70.8,1.1,3.7,1164.0,2008-05-01
2008-06,191810,378865,250299,214822,167636,,,242606.0,183127.0,,,70.9,0.1,2.3,992.0,2008-06-01
2008-07,192796,384789,253942,217239,167965,,,241833.0,184540.0,,,71.3,0.5,1.2,875.0,2008-07-01
2008-08,188391,382468,249289,213010,163689,,,234449.0,180763.0,,,69.6,-2.3,-1.5,855.0,2008-08-01
2008-09,187116,380802,246659,210493,162810,,,232929.0,179524.0,,,69.2,-0.7,-4.5,725.0,2008-09-01
2008-10,180881,366462,236142,201999,157863,,,225647.0,173428.0,,,66.9,-3.3,-6.2,718.0,2008-10-01
2008-11,176880,354840,230492,197012,154617,,,222206.0,169226.0,,,65.4,-2.2,-8.6,553.0,2008-11-01
2008-12,171308,341265,223825,191382,149683,,,213994.0,164182.0,,,63.3,-3.2,-10.9,496.0,2008-12-01
2009-01,166748,333791,218318,186422,145588,,,208371.0,159794.0,,,61.6,-2.7,-13.2,408.0,2009-01-01
2009-02,161698,323333,211938,180699,141362,,,202584.0,154939.0,,,59.8,-3.0,-15.0,332.0,2009-02-01
2009-03,158844,319783,207793,177302,139031,,,201262.0,151820.0,,,58.7,-1.8,-15.2,436.0,2009-03-01
2009-04,159254,316286,207692,177809,139797,,,203030.0,152090.0,,,58.9,0.3,-16.0,503.0,2009-04-01
2009-05,165971,328520,216149,185651,145741,,,210911.0,158571.0,,,61.4,4.2,-13.4,605.0,2009-05-01
2009-06,172449,341468,224864,193666,151205,,,217493.0,164921.0,,,63.8,3.9,-10.1,633.0,2009-06-01
2009-07,176983,352486,231818,199734,154661,,,221208.0,169452.0,,,65.4,2.6,-8.2,757.0,2009-07-01
2009-08,178746,361660,235755,202868,155293,,,220976.0,171382.0,,,66.1,1.0,-5.1,761.0,2009-08-01
2009-09,179508,365755,238038,204439,155436,,,221587.0,172147.0,,,66.4,0.4,-4.1,691.0,2009-09-01
2009-10,182574,375559,243447,208466,157531,,,224201.0,175204.0,,,67.5,1.7,0.9,783.0,2009-10-01
2009-11,185458,380810,246803,212133,160047,,,228241.0,177921.0,,,68.6,1.6,4.8,594.0,2009-11-01
2009-12,185286,378798,247102,212682,159793,,,226470.0,177912.0,,,68.5,-0.1,8.2,818.0,2009-12-01
2010-01,183578,378202,245267,211129,157962,,,221550.0,176564.0,,,67.9,-0.9,10.1,474.0,2010-01-01
2010-02,181022,375197,243674,208732,155263,,,218169.0,174251.0,,,66.9,-1.4,12.0,352.0,2010-02-01
2010-03,181232,380775,244361,208646,155110,,,219332.0,174495.0,,,67.0,0.1,14.1,610.0,2010-03-01
2010-04,182519,379459,245317,209674,156797,,,223159.0,175597.0,,,67.5,0.7,14.6,683.0,2010-04-01
2010-05,181547,375282,242892,207965,156467,,,221193.0,174709.0,,,67.1,-0.5,9.4,652.0,2010-05-01
2010-06,185192,381938,248297,212889,159418,,,224301.0,178295.0,,,68.5,2.0,7.4,760.0,2010-06-01
2010-07,186645,388815,250975,215505,159973,,,223716.0,179835.0,,,69.0,0.8,5.5,844.0,2010-07-01
2010-08,188380,397052,254701,218455,160612,,,225008.0,181554.0,,,69.6,0.9,5.4,796.0,2010-08-01
2010-09,188069,397589,254000,217909,160328,,,225421.0,181207.0,,,69.5,-0.2,4.8,665.0,2010-09-01
2010-10,184610,390256,249845,213665,157371,,,224469.0,177683.0,,,68.3,-1.8,1.1,754.0,2010-10-01
2010-11,185748,393678,251403,214740,158314,,,226653.0,178731.0,,,68.7,0.6,0.2,592.0,2010-11-01
2010-12,184599,390980,249855,213016,157460,,,226956.0,177526.0,,,68.2,-0.6,-0.4,551.0,2010-12-01
2011-01,183526,391281,248056,211472,156449,151160.0,,226106.0,176466.0,,,67.9,-0.6,0.0,423.0,2011-01-01
2011-02,178178,381067,240178,204776,152015,148134.0,,221435.0,171214.0,,,65.9,-2.9,-1.6,366.0,2011-02-01
2011-03,174031,373485,234590,199991,148405,147840.0,,217290.0,167190.0,,,64.3,-2.3,-4.0,583.0,2011-03-01
2011-04,174103,371099,234491,200258,148699,147901.0,,218324.0,167215.0,,,64.4,0.0,-4.6,604.0,2011-04-01
2011-05,176824,369068,236920,202904,152166,150212.0,,223693.0,169738.0,,,65.4,1.6,-2.6,622.0,2011-05-01
2011-06,177679,367196,237818,203800,153344,150939.0,,223359.0,170624.0,,,65.7,0.5,-4.1,720.0,2011-06-01
2011-07,177908,368048,237928,204154,153507,151133.0,,223183.0,170866.0,,,65.8,0.1,-4.7,783.0,2011-07-01
2011-08,178826,375247,241344,206375,153061,151913.0,,221054.0,171899.0,,,66.1,0.5,-5.1,739.0,2011-08-01
2011-09,180255,382557,243804,208520,153613,153127.0,,221694.0,173327.0,,,66.6,0.8,-4.2,750.0,2011-09-01
2011-10,179436,381764,243627,207376,152734,152431.0,,220277.0,172558.0,,,66.3,-0.5,-2.8,579.0,2011-10-01
2011-11,177767,376967,240608,204538,151822,151014.0,,220156.0,170863.0,,,65.7,-0.9,-4.3,717.0,2011-11-01
2011-12,173741,363628,234793,199603,149023,147593.0,,216657.0,166923.0,,,64.2,-2.3,-5.9,615.0,2011-12-01
2012-01,172860,360086,233782,199086,148269,146845.0,211143.0,215078.0,166099.0,174498.0,173415.0,63.9,-0.5,-5.8,573.0,2012-01-01
2012-02,171220,359088,232969,198504,146043,145085.0,210491.0,211406.0,164597.0,173151.0,172591.0,63.3,-0.9,-3.9,408.0,2012-02-01
2012-03,172192,362812,235168,200331,146341,146177.0,209354.0,212289.0,165552.0,172624.0,171987.0,63.7,0.6,-1.1,755.0,2012-03-01
2012-04,173213,364403,235831,201232,147457,147105.0,210538.0,213940.0,166519.0,173631.0,173014.0,64.0,0.6,-0.5,603.0,2012-04-01
2012-05,174695,364730,236577,202621,149265,148784.0,211936.0,216319.0,167922.0,175417.0,174376.0,64.6,0.9,-1.2,659.0,2012-05-01
2012-06,177473,369719,239251,206045,151824,151022.0,215426.0,218919.0,170624.0,178367.0,177086.0,65.6,1.6,-0.1,832.0,2012-06-01
2012-07,180011,375886,243005,209597,153685,152893.0,218784.0,219625.0,173158.0,180847.0,179646.0,66.6,1.4,1.2,690.0,2012-07-01
2012-08,181383,378813,245656,212224,154431,153802.0,220696.0,219655.0,174541.0,181920.0,181135.0,67.1,0.8,1.4,842.0,2012-08-01
2012-09,180675,380232,245341,211375,153462,152990.0,220038.0,218140.0,173885.0,181097.0,180474.0,66.8,-0.4,0.2,596.0,2012-09-01
2012-10,177710,372483,241108,207616,151202,150760.0,216158.0,217744.0,170910.0,178163.0,177497.0,65.7,-1.6,-1.0,627.0,2012-10-01
2012-11,174616,367442,236988,204002,148423,148075.0,212451.0,216221.0,167847.0,175107.0,174387.0,64.6,-1.7,-1.8,775.0,2012-11-01
2012-12,171267,358510,232523,200355,145664,145504.0,208121.0,214120.0,164550.0,171696.0,171064.0,63.3,-1.9,-1.4,643.0,2012-12-01
2013-01,166879,350607,227873,195435,141552,141610.0,202948.0,206370.0,160420.0,167218.0,166712.0,61.7,-2.6,-3.5,631.0,2013-01-01
2013-02,165475,348449,226325,193417,140340,140355.0,201326.0,204520.0,159088.0,165821.0,165308.0,61.2,-0.8,-3.4,449.0,2013-02-01
2013-03,165130,350037,226864,193248,139616,139552.0,201417.0,206012.0,158714.0,165339.0,165020.0,61.1,-0.2,-4.1,661.0,2013-03-01
2013-04,170069,359922,232503,199277,143945,143787.0,207375.0,214892.0,163376.0,170445.0,169887.0,62.9,3.0,-1.8,713.0,2013-04-01
2013-05,174193,365446,237145,203667,148011,147608.0,212045.0,221716.0,167288.0,174748.0,173935.0,64.4,2.4,-0.3,910.0,2013-05-01
2013-06,178948,373209,243063,209259,152336,151835.0,217621.0,225620.0,171920.0,179540.0,178674.0,66.2,2.7,0.8,833.0,2013-06-01
2013-07,178630,372834,242774,209201,151932,151383.0,217430.0,224115.0,171649.0,179152.0,178386.0,66.0,-0.2,-0.8,950.0,2013-07-01
2013-08,179428,374365,243928,210372,152548,152104.0,218353.0,223835.0,172454.0,180002.0,179161.0,66.3,0.4,-1.1,1073.0,2013-08-01
2013-09,178063,375438,242558,208792,150935,150614.0,217051.0,222619.0,171127.0,178681.0,177778.0,65.8,-0.8,-1.4,885.0,2013-09-01
2013-10,179839,379184,244999,210429,152560,152358.0,218957.0,227679.0,172748.0,180503.0,179535.0,66.5,1.0,1.2,887.0,2013-10-01
2013-11,178649,380362,244336,209530,150922,150862.0,218031.0,227916.0,171551.0,179149.0,178414.0,66.0,-0.7,2.3,1072.0,2013-11-01
2013-12,180195,380725,246474,211220,152537,152481.0,219581.0,231155.0,172997.0,180638.0,179984.0,66.6,0.9,5.2,824.0,2013-12-01
2014-01,177747,377179,243661,208461,150201,150298.0,216718.0,226500.0,170693.0,178028.0,177605.0,65.7,-1.4,6.5,798.0,2014-01-01
2014-02,176908,374399,241844,206808,149851,150245.0,214984.0,225290.0,169891.0,177215.0,176754.0,65.4,-0.5,6.9,598.0,2014-02-01
2014-03,175181,372969,239883,204883,148113,148675.0,212999.0,222840.0,168241.0,175463.0,175038.0,64.8,-1.0,6.1,770.0,2014-03-01
2014-04,178671,379036,244959,209458,151010,151648.0,217231.0,227950.0,171572.0,178846.0,178575.0,66.1,2.0,5.1,858.0,2014-04-01
2014-05,182632,387718,251106,215008,154015,154451.0,222655.0,233630.0,175357.0,182660.0,182600.0,67.5,2.2,4.8,1137.0,2014-05-01
2014-06,188805,399834,259723,222549,159214,159694.0,230158.0,241240.0,181293.0,188827.0,188776.0,69.8,3.4,5.5,1055.0,2014-06-01
2014-07,192239,408968,265056,227050,161770,162301.0,234669.0,244753.0,184616.0,192175.0,192247.0,71.1,1.8,7.6,997.0,2014-07-01
2014-08,193017,410307,266735,228182,162321,162995.0,235579.0,243185.0,185442.0,192806.0,193090.0,71.4,0.4,7.6,1122.0,2014-08-01
2014-09,193004,412974,267357,228468,161941,162741.0,235829.0,241506.0,185479.0,192605.0,193159.0,71.4,0.0,8.4,989.0,2014-09-01
2014-10,191501,410456,265622,226388,160657,161490.0,233974.0,239225.0,184047.0,191037.0,191685.0,70.8,-0.8,6.5,1049.0,2014-10-01
2014-11,192132,413939,266567,226875,161076,161931.0,234847.0,240319.0,184645.0,191711.0,192297.0,71.0,0.3,7.5,1002.0,2014-11-01
2014-12,191781,413129,266180,226240,160829,161615.0,234440.0,241429.0,184260.0,191304.0,191971.0,70.9,-0.2,6.4,730.0,2014-12-01
2015-01,191732,411334,265571,225859,161069,161848.0,234078.0,243082.0,184160.0,191482.0,191821.0,70.9,0.0,7.9,779.0,2015-01-01
2015-02,194684,416817,269645,229140,163646,164263.0,237844.0,248831.0,186935.0,194502.0,194736.0,72.0,1.5,10.0,600.0,2015-02-01
2015-03,202935,441633,281791,239064,169776,170203.0,249358.0,259554.0,194858.0,202998.0,202874.0,75.0,4.2,15.8,1137.0,2015-03-01
2015-04,198875,427459,275207,233572,167202,167750.0,243167.0,254789.0,190941.0,199002.0,198791.0,73.5,-2.0,11.3,841.0,2015-04-01
2015-05,196875,417615,271481,230444,166369,166979.0,239545.0,251634.0,189045.0,197110.0,196751.0,72.8,-1.0,7.8,1046.0,2015-05-01
2015-06,187282,386144,257034,218930,159473,160548.0,225641.0,238102.0,179887.0,187447.0,187186.0,69.2,-4.9,-0.8,1092.0,2015-06-01
2015-07,193244,402930,266017,226764,163782,164820.0,233880.0,244317.0,185669.0,193306.0,193184.0,71.4,3.2,0.5,1254.0,2015-07-01
2015-08,193613,409150,267595,228209,163179,164417.0,235247.0,243216.0,186089.0,193548.0,193600.0,71.6,0.2,0.3,1104.0,2015-08-01
2015-09,196753,419139,272293,231466,165594,166725.0,239523.0,246987.0,189115.0,196667.0,196747.0,72.7,1.6,1.9,1116.0,2015-09-01
2015-10,196032,419717,271901,230618,164712,166086.0,238679.0,246339.0,188410.0,195823.0,196070.0,72.5,-0.4,2.4,1196.0,2015-10-01
2015-11,197729,423128,274078,232301,166265,167697.0,240521.0,248915.0,190023.0,197557.0,197754.0,73.1,0.9,2.9,1083.0,2015-11-01
2015-12,199069,427948,276521,234625,166946,168656.0,242383.0,252999.0,191212.0,198770.0,199140.0,73.6,0.7,3.8,944.0,2015-12-01
2016-01,197517,424840,274499,232506,165683,167233.0,240631.0,251314.0,189709.0,197276.0,197567.0,73.0,-0.8,3.0,834.0,2016-01-01
2016-02,195557,421402,272723,230427,163784,165534.0,238295.0,248697.0,187832.0,195121.0,195679.0,72.3,-1.0,0.4,664.0,2016-02-01
2016-03,196980,424102,273931,231127,165369,166751.0,240013.0,246343.0,189373.0,196689.0,197049.0,72.8,0.7,-2.9,1432.0,2016-03-01
2016-04,198091,425105,275925,233437,166099,167801.0,241225.0,250035.0,190347.0,197601.0,198232.0,73.2,0.6,-0.4,769.0,2016-04-01
2016-05,197833,418744,273914,232689,166753,168339.0,239948.0,255272.0,189874.0,197597.0,197881.0,73.1,-0.1,0.5,896.0,2016-05-01
2016-06,190911,401681,264315,225154,160973,162800.0,231099.0,250550.0,183055.0,190648.0,190970.0,70.6,-3.5,1.9,1089.0,2016-06-01
2016-07,193105,404713,265896,226798,163415,164932.0,233423.0,251613.0,185233.0,193179.0,193042.0,71.4,1.1,-0.1,1204.0,2016-07-01
2016-08,193834,412282,268319,228568,163047,164603.0,235519.0,248361.0,186100.0,193718.0,193840.0,71.7,0.4,0.1,1048.0,2016-08-01
2016-09,198043,419508,273860,232910,166947,168346.0,240418.0,253514.0,190151.0,198045.0,198005.0,73.2,2.2,0.7,1166.0,2016-09-01
2016-10,198064,425675,275292,232886,166239,167563.0,241472.0,254414.0,190135.0,197923.0,198078.0,73.2,0.0,1.0,909.0,2016-10-01
2016-11,198127,424289,274065,231402,167020,168129.0,240889.0,256449.0,190117.0,198265.0,198039.0,73.2,0.0,0.2,1074.0,2016-11-01
2016-12,195466,419924,270740,228255,164619,165765.0,237790.0,254263.0,187512.0,195499.0,195417.0,72.3,-1.3,-1.8,1012.0,2016-12-01
2017-01,196485,419626,271090,228930,165977,167102.0,238418.0,257776.0,188402.0,196769.0,196344.0,72.6,0.5,-0.5,783.0,2017-01-01
2017-02,195850,421107,270813,228366,165170,166206.0,238161.0,257986.0,187782.0,195978.0,195785.0,72.4,-0.3,0.1,581.0,2017-02-01
2017-03,195150,418408,268784,226433,164955,165761.0,237072.0,257492.0,187165.0,195567.0,194977.0,72.1,-0.4,-0.9,1032.0,2017-03-01
2017-04,194970,416675,267696,225398,165069,165681.0,236740.0,255060.0,187207.0,195390.0,194796.0,72.1,-0.1,-1.6,989.0,2017-04-01
2017-05,198557,419524,271724,228453,168592,169096.0,240516.0,258022.0,190820.0,199174.0,198295.0,73.4,1.8,0.4,1125.0,2017-05-01
2017-06,203018,426089,276782,233352,172638,173023.0,245723.0,261864.0,195302.0,203740.0,202711.0,75.1,2.2,6.3,1264.0,2017-06-01
2017-07,207434,434342,283032,238434,176426,176839.0,250986.0,267378.0,199568.0,208136.0,207136.0,76.7,2.2,7.4,1187.0,2017-07-01
2017-08,210090,440213,286187,242196,178578,178904.0,254511.0,269954.0,202208.0,210837.0,209773.0,77.7,1.3,8.4,1223.0,2017-08-01
2017-09,213318,450280,291768,246503,180973,181414.0,258796.0,275268.0,205199.0,213961.0,213047.0,78.9,1.5,7.7,1175.0,2017-09-01
2017-10,211747,448166,290707,245260,179408,179960.0,257074.0,274164.0,203596.0,212357.0,211490.0,78.3,-0.7,6.9,1022.0,2017-10-01
2017-11,212056,451365,292979,246009,179351,180090.0,257658.0,275585.0,203791.0,212480.0,211881.0,78.4,0.1,7.0,1043.0,2017-11-01
2017-12,210755,447984,291506,244810,178207,179092.0,255911.0,274095.0,202521.0,211057.0,210634.0,77.9,-0.6,7.8,1000.0,2017-12-01
2018-01,213478,456493,296412,248785,180161,181087.0,259722.0,280043.0,204905.0,213628.0,213425.0,78.9,1.3,8.6,763.0,2018-01-01
2018-02,217801,468725,302383,254699,183516,184785.0,264886.0,291536.0,208437.0,217943.0,217752.0,80.5,2.0,11.2,651.0,2018-02-01
2018-03,219097,474906,306549,257640,184049,185578.0,266907.0,295012.0,209532.0,218998.0,219155.0,81.0,0.6,12.3,815.0,2018-03-01
2018-04,220778,475731,309371,260388,185454,187489.0,268065.0,296843.0,211190.0,220477.0,220925.0,81.6,0.8,13.2,793.0,2018-04-01
2018-05,218983,465092,306288,257452,184477,186572.0,264786.0,288755.0,210146.0,218693.0,219124.0,81.0,-0.8,10.3,900.0,2018-05-01
2018-06,221837,467013,309559,259604,187343,189418.0,267487.0,291130.0,213053.0,221608.0,221952.0,82.0,1.3,9.3,1251.0,2018-06-01
2018-07,222173,467790,308837,259215,187827,189772.0,267769.0,290327.0,213524.0,222142.0,222200.0,82.1,0.2,7.1,950.0,2018-07-01
2018-08,224351,477472,313678,263231,189038,191088.0,271378.0,295926.0,215286.0,224256.0,224407.0,82.9,1.0,6.8,1113.0,2018-08-01
2018-09,227306,486776,318303,267688,191174,193189.0,275707.0,300519.0,218036.0,227314.0,227316.0,84.0,1.3,6.6,1022.0,2018-09-01
2018-10,228359,495593,322335,270286,191335,193376.0,278278.0,304330.0,218759.0,228219.0,228435.0,84.4,0.5,7.8,923.0,2018-10-01
2018-11,229589,498425,324997,271597,192320,194320.0,279953.0,303571.0,220226.0,229368.0,229701.0,84.9,0.5,8.3,1079.0,2018-11-01
2018-12,227520,491624,321497,267969,190938,193154.0,276372.0,300341.0,218301.0,227104.0,227717.0,84.1,-0.9,8.0,895.0,2018-12-01
2019-01,229979,494359,323958,269905,193352,195572.0,278752.0,302812.0,220752.0,229693.0,230120.0,85.0,1.1,7.7,837.0,2019-01-01
2019-02,226627,489429,319717,266244,190344,192713.0,274704.0,304109.0,216893.0,226212.0,226813.0,83.8,-1.5,4.1,579.0,2019-02-01
2019-03,227473,496046,322658,269072,190395,192848.0,276787.0,308619.0,217313.0,227034.0,227661.0,84.1,0.4,3.8,898.0,2019-03-01
2019-04,227023,493614,322341,269559,189912,192643.0,275920.0,309311.0,216744.0,226495.0,227247.0,83.9,-0.2,2.8,905.0,2019-04-01
2019-05,228957,494579,324719,272493,191616,194389.0,278079.0,308719.0,218932.0,228523.0,229143.0,84.6,0.9,4.6,1113.0,2019-05-01
2019-06,231166,493283,326391,274330,193991,196650.0,280062.0,308331.0,221408.0,230966.0,231260.0,85.5,1.0,4.2,1087.0,2019-06-01
2019-07,232829,497928,328270,276201,195380,197924.0,282333.0,311513.0,222899.0,232666.0,232908.0,86.1,0.7,4.8,1036.0,2019-07-01
2019-08,234686,500127,329640,277968,197178,199682.0,284259.0,313093.0,224775.0,234568.0,234748.0,86.8,0.8,4.6,1102.0,2019-08-01
2019-09,238309,509723,334324,282672,200090,202637.0,288879.0,320231.0,227994.0,238151.0,238387.0,88.1,1.5,4.8,1008.0,2019-09-01
2019-10,239838,515499,339763,285491,200879,203522.0,291492.0,321489.0,229540.0,239392.0,240029.0,88.7,0.6,5.0,943.0,2019-10-01
2019-11,241686,524028,344543,288398,201947,204624.0,294587.0,322003.0,231525.0,241210.0,241889.0,89.4,0.8,5.3,1067.0,2019-11-01
2019-12,238161,524255,342915,286179,198084,201025.0,291412.0,315278.0,228369.0,237293.0,238519.0,88.0,-1.5,4.7,892.0,2019-12-01
2020-01,238303,527437,343507,287164,197919,201028.0,291804.0,318471.0,228192.0,237323.0,238706.0,88.1,0.1,3.6,844.0,2020-01-01
2020-02,238429,531930,344986,287502,197734,200908.0,292386.0,321897.0,227892.0,237107.0,238966.0,88.1,0.1,5.2,587.0,2020-02-01
2020-03,238240,530270,343972,286234,197916,200906.0,291970.0,325037.0,227302.0,236842.0,238807.0,88.1,-0.1,4.7,609.0,2020-03-01
2020-04,235552,529221,341546,284601,195020,198530.0,288838.0,323319.0,224569.0,234104.0,236137.0,87.1,-1.1,3.8,268.0,2020-04-01
2020-05,237819,535503,345789,288040,196637,200562.0,291437.0,330380.0,226378.0,236421.0,238386.0,87.9,1.0,3.9,335.0,2020-05-01
2020-06,243672,550352,355722,296113,201099,205112.0,299184.0,336205.0,232159.0,242432.0,244182.0,90.1,2.5,5.4,406.0,2020-06-01
2020-07,247497,554570,358803,298728,205039,208140.0,304168.0,337493.0,236151.0,246470.0,247928.0,91.5,1.6,6.3,525.0,2020-07-01
2020-08,246382,547067,356229,297366,204486,207392.0,302516.0,332545.0,235392.0,245542.0,246742.0,91.1,-0.5,5.0,644.0,2020-08-01
2020-09,243435,536555,351480,293917,202296,205454.0,298095.0,329062.0,232531.0,242575.0,243803.0,90.0,-1.2,2.2,1095.0,2020-09-01
2020-10,244127,534479,352539,295186,203007,206675.0,297994.0,326596.0,233501.0,243332.0,244471.0,90.3,0.3,1.8,1277.0,2020-10-01
2020-11,245837,540062,353952,296964,204444,207816.0,300535.0,325562.0,235442.0,245148.0,246142.0,90.9,0.7,1.7,1255.0,2020-11-01
2020-12,247145,546972,355749,298862,205239,208373.0,302947.0,326188.0,236797.0,246438.0,247457.0,91.4,0.5,3.8,1217.0,2020-12-01
2021-01,245487,538679,350293,294601,204773,206851.0,301100.0,319449.0,235638.0,245068.0,245692.0,90.8,-0.7,3.0,906.0,2021-01-01
2021-02,244301,532908,346775,292185,204278,205886.0,299566.0,317222.0,234543.0,243676.0,244586.0,90.3,-0.5,2.5,838.0,2021-02-01
2021-03,246868,530922,348072,293951,207267,208200.0,302456.0,319002.0,237129.0,246254.0,247153.0,91.3,1.1,3.6,1460.0,2021-03-01
2021-04,249892,540120,352413,298506,209448,210961.0,305894.0,327288.0,239582.0,248847.0,250342.0,92.4,1.2,6.1,688.0,2021-04-01
2021-05,254949,551577,360357,304919,213523,215447.0,311810.0,334000.0,244421.0,253809.0,255437.0,94.3,2.0,7.2,961.0,2021-05-01
2021-06,256066,553559,360120,305827,214700,216502.0,313036.0,331533.0,245903.0,255085.0,256493.0,94.7,0.4,5.1,1206.0,2021-06-01
2021-07,263383,577610,374491,315710,219852,221911.0,322968.0,343603.0,252671.0,262709.0,263695.0,97.4,2.9,6.4,1233.0,2021-07-01
2021-08,267109,587534,381047,319573,222890,224836.0,327808.0,345556.0,256548.0,266681.0,267327.0,98.8,1.4,8.4,1109.0,2021-08-01
2021-09,271028,601559,389586,324602,225560,227813.0,333026.0,351988.0,260167.0,270539.0,271270.0,100.2,1.5,11.3,1028.0,2021-09-01
2021-10,266952,589224,382378,317722,222843,224864.0,327412.0,339385.0,257000.0,266195.0,267297.0,98.7,-1.5,9.3,1211.0,2021-10-01
2021-11,266138,589326,381101,316698,222071,224034.0,326596.0,339562.0,256089.0,265351.0,266493.0,98.4,-0.3,8.3,1083.0,2021-11-01
2021-12,260601,578039,373814,309791,217413,219417.0,319744.0,330600.0,250963.0,259768.0,260973.0,96.3,-2.1,5.4,1023.0,2021-12-01
2022-01,263265,584739,378126,313486,219451,221267.0,323513.0,334380.0,253487.0,262498.0,263613.0,97.3,1.0,7.2,873.0,2022-01-01
2022-02,265204,592339,381930,316337,220715,222827.0,325986.0,339299.0,255218.0,264347.0,265585.0,98.0,0.7,8.6,718.0,2022-02-01
2022-03,273625,615178,395539,327186,227257,229864.0,336390.0,354966.0,262919.0,272625.0,274059.0,101.2,3.2,10.8,838.0,2022-03-01
2022-04,273312,614837,395108,328049,226760,229757.0,335811.0,356309.0,262498.0,272226.0,273776.0,101.0,-0.1,9.4,1036.0,2022-04-01
2022-05,272663,609584,393898,327455,226414,229411.0,334766.0,352163.0,262099.0,271532.0,273143.0,100.8,-0.2,6.9,942.0,2022-05-01
2022-06,273421,612245,394597,328514,226992,229386.0,336527.0,351313.0,262951.0,272482.0,273832.0,101.1,0.3,6.8,918.0,2022-06-01
2022-07,277331,618391,400628,333774,230258,232713.0,341283.0,355878.0,266743.0,276513.0,277701.0,102.5,1.4,5.3,1129.0,2022-07-01
2022-08,281994,627956,407631,340688,233931,236504.0,347171.0,362001.0,271218.0,281168.0,282368.0,104.3,1.7,5.6,1071.0,2022-08-01
2022-09,282529,625053,408614,341975,234472,237728.0,346858.0,361135.0,271839.0,281513.0,282971.0,104.5,0.2,4.2,1136.0,2022-09-01
2022-10,282874,629386,410008,342552,234477,238025.0,347274.0,360847.0,272221.0,281638.0,283395.0,104.6,0.1,6.0,945.0,2022-10-01
2022-11,279685,627312,406913,339165,231378,235216.0,343516.0,359678.0,268955.0,278343.0,280243.0,103.4,-1.1,5.1,927.0,2022-11-01
2022-12,273500,615991,398004,331614,226126,229783.0,336207.0,352887.0,262928.0,272223.0,274033.0,101.1,-2.2,4.9,845.0,2022-12-01
2023-01,270484,611615,394589,328044,223423,227111.0,332671.0,354508.0,259658.0,269136.0,271041.0,100.0,-1.1,2.7,695.0,2023-01-01
2023-02,266379,603825,387948,322377,220107,223774.0,327428.0,353183.0,255405.0,265026.0,266935.0,98.5,-1.5,0.4,528.0,2023-02-01
2023-03,267249,608887,390222,322993,220667,224801.0,328038.0,361997.0,255628.0,265765.0,267851.0,98.8,0.3,-2.3,806.0,2023-03-01
2023-04,265707,603944,388003,320838,219504,223573.0,326024.0,362363.0,253898.0,264298.0,266279.0,98.2,-0.6,-2.8,742.0,2023-04-01
2023-05,270793,612338,394029,326375,224042,228041.0,331940.0,369299.0,258758.0,269516.0,271311.0,100.1,1.9,-0.7,819.0,2023-05-01
2023-06,271596,607702,392686,327529,225137,228967.0,332495.0,365573.0,260029.0,270526.0,272030.0,100.4,0.3,-0.7,1041.0,2023-06-01
2023-07,275868,613618,398129,333332,228786,232619.0,337639.0,370592.0,264194.0,274831.0,276289.0,102.0,1.6,-0.5,919.0,2023-07-01
2023-08,276171,614921,399200,334554,228824,232635.0,338421.0,369536.0,264636.0,275115.0,276598.0,102.1,0.1,-2.1,902.0,2023-08-01
2023-09,279409,626048,404971,339465,231091,235161.0,342734.0,375479.0,267568.0,278244.0,279881.0,103.3,1.2,-1.1,887.0,2023-09-01
2023-10,277863,625255,403456,338169,229548,233599.0,341293.0,374649.0,265960.0,276697.0,278336.0,102.7,-0.6,-1.8,811.0,2023-10-01
2023-11,276014,625121,403406,336723,227536,231795.0,339453.0,376198.0,263773.0,274708.0,276543.0,102.0,-0.7,-1.3,844.0,2023-11-01
2023-12,270167,610168,395104,328865,222899,226878.0,332275.0,368694.0,258138.0,268915.0,270675.0,99.9,-2.1,-1.2,823.0,2023-12-01
2024-01,269705,610311,394500,328433,222437,226408.0,331849.0,368683.0,257633.0,268427.0,270223.0,99.7,-0.2,-0.3,722.0,2024-01-01
2024-02,271008,610653,395950,330536,223570,227753.0,333018.0,370349.0,258890.0,269778.0,271505.0,100.2,0.5,1.7,605.0,2024-02-01
2024-03,272365,610893,396745,331903,224991,228980.0,334542.0,374117.0,259982.0,271248.0,272798.0,100.7,0.5,1.9,831.0,2024-03-01
2024-04,274002,608193,397961,332786,226923,230894.0,335627.0,373931.0,261787.0,272936.0,274410.0,101.3,0.6,3.1,903.0,2024-04-01
2024-05,273503,601793,394844,330702,227188,230771.0,334505.0,370969.0,261536.0,272517.0,273871.0,101.1,-0.2,1.0,1036.0,2024-05-01
2024-06,275450,606029,397808,333670,228687,232667.0,336455.0,370412.0,263721.0,274335.0,275881.0,101.8,0.7,1.4,1088.0,2024-06-01
2024-07,276308,609295,399769,336159,229029,233283.0,337688.0,371967.0,264502.0,275128.0,276770.0,102.2,0.3,0.2,994.0,2024-07-01
2024-08,279316,616793,404645,341282,231188,235658.0,341646.0,374764.0,267508.0,278140.0,279775.0,103.3,1.1,1.1,1115.0,2024-08-01
2024-09,282607,628851,412178,346464,233284,238057.0,346315.0,381448.0,270429.0,281295.0,283133.0,104.5,1.2,1.1,946.0,2024-09-01
2024-10,282729,631816,411970,346167,233362,238257.0,346301.0,382283.0,270480.0,281384.0,283272.0,104.5,0.0,1.8,1084.0,2024-10-01
2024-11,280753,631932,410585,343709,231417,236697.0,343698.0,381013.0,268448.0,279306.0,281346.0,103.8,-0.7,1.7,1107.0,2024-11-01
2024-12,278146,629519,407100,340975,229007,234473.0,340552.0,379310.0,265772.0,276551.0,278814.0,102.8,-0.9,3.0,910.0,2024-12-01
2025-01,282867,645822,416678,348775,232103,238034.0,347054.0,390520.0,269818.0,281092.0,283623.0,104.6,1.7,4.9,841.0,2025-01-01
2025-02,286063,654711,422650,354541,234248,240430.0,351437.0,399377.0,272414.0,284002.0,286956.0,105.8,1.1,5.6,689.0,2025-02-01
2025-03,290335,656581,428164,360463,238028,244199.0,356222.0,407100.0,276264.0,288141.0,291286.0,107.3,1.5,6.6,849.0,2025-03-01
2025-04,289448,653093,426936,358416,237508,243426.0,355190.0,407190.0,275322.0,287505.0,290287.0,107.0,-0.3,5.6,859.0,2025-04-01
2025-05,289587,653189,426766,358075,237732,243350.0,355762.0,407322.0,275459.0,287761.0,290373.0,107.1,0.0,5.9,1044.0,2025-05-01
2025-06,293270,666439,433529,362665,240440,245786.0,361652.0,411022.0,279075.0,291532.0,294017.0,108.4,1.3,6.5,1013.0,2025-06-01
2025-07,292330,666357,432916,362897,239317,244676.0,361163.0,408000.0,278305.0,290346.0,293186.0,108.1,-0.3,5.8,1049.0,2025-07-01
2025-08,292955,669845,435778,364774,239454,244895.0,362573.0,407688.0,278990.0,290928.0,293831.0,108.3,0.2,4.9,1061.0,2025-08-01
2025-09,295210,682223,441571,369603,240522,246364.0,366239.0,411946.0,281052.0,293181.0,296087.0,109.1,0.8,4.5,1020.0,2025-09-01
2025-10,295365,685658,442922,370375,240359,246390.0,366649.0,412642.0,281164.0,293299.0,296258.0,109.2,0.1,4.5,1053.0,2025-10-01
2025-11,296672,690697,445108,372878,241190,247506.0,368216.0,417048.0,282216.0,294596.0,297570.0,109.7,0.4,5.7,894.0,2025-11-01
2025-12,293404,679680,439310,368204,238822,245200.0,363276.0,412076.0,279135.0,291348.0,294292.0,108.5,-1.1,5.5,834.0,2025-12-01
2026-01,295302,683588,442061,371373,240277,246635.0,365947.0,413783.0,281013.0,293349.0,296145.0,109.2,0.6,4.4,773.0,2026-01-01
2026-02,294286,683302,442132,369765,239305,245806.0,364886.0,412668.0,280044.0,292237.0,295161.0,108.8,-0.3,2.9,628.0,2026-02-01
2026-03,293840,687088,444068,370589,238364,245409.0,364735.0,417752.0,279240.0,291584.0,294790.0,108.6,-0.2,1.2,808.0,2026-03-01
2026-04,295379,690477,446165,371739,239749,247211.0,366030.0,421324.0,280616.0,292925.0,296406.0,109.2,0.5,2.0,816.0,2026-04-01
2026-05,299441,701421,452298,377278,242919,250700.0,370957.0,,,296840.0,300526.0,110.7,1.4,3.4,,2026-05-01
2026-06,303067,707887,457110,381659,246022,253736.0,375450.0,,,300394.0,304181.0,112.0,1.2,3.3,,2026-06-01
